{"CV Accuracy Score":0.8649801815770651,"_step":0,"Test Precision":0.8634499002819613,"Test F1 Score":0.8628479869664011,"_wandb":{"runtime":12},"Test Accuracy":0.8682432432432432,"_timestamp":1.742189158242624e+09,"_runtime":12.486769,"Test Recall":0.8682432432432432}