{"_step":0,"Test Accuracy":0.8541154791154791,"_timestamp":1.7421890808073301e+09,"Test Recall":0.8541154791154791,"_runtime":7.419491,"_wandb":{"runtime":7},"CV Accuracy Score":0.8573788463713882,"Test Precision":0.8482649730945255,"Test F1 Score":0.8449860588761503}