{"CV Accuracy Score":0.8538468301393314,"Test Accuracy":0.8556511056511057,"_wandb":{"runtime":2},"Test Precision":0.8495361141731165,"_runtime":1.802543,"_timestamp":1.742189068370604e+09,"Test Recall":0.8556511056511057,"_step":0,"Test F1 Score":0.8486132688406305}