{"_runtime":50.463525,"_wandb":{"runtime":50},"_step":0,"Test Precision":0.8503025749749068,"Test Accuracy":0.8562653562653563,"Test F1 Score":0.8503796221451647,"Test Recall":0.8562653562653563,"_timestamp":1.742189138737756e+09,"CV Accuracy Score":0.8553440910811018}